URL,Emails,Phone Numbers
https://www.timeout.com,No email found,"0581603418, 1589000996, 0393080039"
https://www.quora.com,No email found,"2751124616, 1726684876, 1536862952"
https://classpass.com,No email found,"2333360399, 1113452486, 2341190220, 1134454624"
https://marianainla.com,No email found,1725286876
https://mainelytubs.com,relax@mainelytubs.com,1729635915
https://theinfraredroom.com,No email found,1136073600
https://theinfraredroom.com,No email found,1136073600
http://schema.org,public-schemaorg@w3.org,No phone number found
https://www.reddit.com,"9f057df6115a4bb488c08ea12a835e6e@error-tracking.reddit.com, 9f057df6115a4bb488c08ea12a835e6e@o418887.ingest.sentry.io",1732232140
https://www.yelp.com,stars@2x.yji,3333333333
http://www.w3.org,No email found,No phone number found
https://www.pacificspasandsauna.com,No email found,"0033044298, 1013592603, 1729425192, 310-445-7727"
https://wellisnewengland.com,No email found,"1727816196, 203-292-0996, 860-530-6788, 1727814006, 1712700978, 1727816197, 1727814007, 1729599891, 860-744-5995, 2032920996"
https://wispausa.com,info@wispausa.com,"(213) 487-2700, 2134872700"
https://mainelytubs.com,relax@mainelytubs.com,1729635915
https://wellisnewengland.com,No email found,"1727816196, 203-292-0996, 860-530-6788, 1727814006, 1712700978, 1727816197, 1727814007, 1729599891, 860-744-5995, 2032920996"
https://www.quora.com,No email found,"2751124616, 1726684876, 1536862952"
https://pausestudio.com,"brentwood@pausestudio.com, hello@pausefloatstudio.com",3104391972
