URL,Emails
https://www.viewparkdental.com,No email found
https://affordabledentalcarelosangeles.com,No email found
https://www.toprateddentist.com,hi@toprateddentist.com
https://smileagaindentalgroup.com,No email found
https://cofadentistry.com,"90017Team@COFAdentistry.com, 908-2003Team@COFAdentistry.comHomeAboutServicesContactBook"
https://www.gellerdentistry.com,No email found
https://pearlique.dental,No email found
https://orthodontics.com,No email found
https://www.westlaimplants.com,No email found
https://doctor.webmd.com,No email found
https://dentistry.ucla.edu,Izamudio@dentistry.ucla.edu
https://midwilshiredentistry.com,No email found
https://www.westwooddentist.net,No email found
https://www.losangelesdentistsgroup.com,No email found
https://glomoderndental.com,No email found
https://www.swissqualitysmile.com,No email found
https://avenue.dental,hello@avenue.dental
https://www.drkezian.com,kezian@msn.com
https://findadentist.ada.org,findadentist@ada.org
https://www.patientconnect365.com,No email found
https://www.playadistrictdental.com,No email found
https://eastladentist.com,contact@smiles.la
https://crystaldentalcenters.com,No email found
https://www.ladental.com,No email found
https://sjch.org,No email found
https://www.allairedentalcare.com,No email found
https://www.toothbuds.com,No email found
https://www.katzdentalgroup.com,No email found
https://www.yourlosangelesdentist.com,No email found
https://www.westwooddentalsmiles.com,No email found
https://health.usnews.com,No email found
https://www.tebra.com,No email found
https://www.visiondental.com,No email found
https://www.zendental.com,No email found
https://nohofamilydental.com,No email found
https://www.washington-dental.com,No email found
https://www.ladentaltown.com,No email found
https://riverdentistry.com,No email found
https://www.yelp.com,No email found
https://www.beverlyhillscosmeticdentist.com,No email found
https://www.reddit.com,No email found
https://www.westchesterfamilydentists.com,No email found
https://www.losfelizdentalcenter.com,No email found
https://www.westerndental.com,No email found
https://www.larchmontdentists.com,No email found
https://www.opencare.com,No email found
https://georgelimdental.com,No email found
https://www.downtowndentalla.com,No email found
https://yes.dental,858-7373Contact@yes.dental
http://www.ladentaloffice.com,info@ladentaloffice.com
https://caldentalgroup.com,info@caldentalgroup.com
https://ladentist.com,No email found
https://ladentalclinic.com,smile@ladentalclinic.com
https://www.smileinla.com,smile@smileinla.com
https://smilela.com,office@smilela.com
https://www.carsondds.com,drcarson@carsondds.com
https://www.uniteddentists.com,No email found
https://dentalprossmiles.com,No email found
http://www.cosmeticdentistlosangeles.com,No email found
https://www.westcoastdental.com,WCDCustomerService@incontactemail.com
https://angeldentalgroup.com,No email found
https://estheticdentistry.net,No email found
https://www.mycentraldentalcare.com,No email found
https://www.citydentalonline.com,No email found
https://www.healthgrades.com,No email found
http://www.olympicsmiles.com,drfamili@hotmail.com
http://www.w3.org,No email found
https://www.berxi.com,"credentialing@berxi.com, claims@berxi.com, support@berxi.com"
http://schema.org,public-schemaorg@w3.org
https://tridentdentistry.com,No email found
http://www.zendental.com,No email found
https://www.chla.org,No email found
https://www.marvizicosmeticdentist.com,RayhanMarvizi@yahoo.com
https://www.westladentistry.com,No email found
https://theculvermarinadentalgroup.com,No email found
https://www.zocdoc.com,No email found
https://www.doctorsnetwork.com,No email found
https://www.samaritandentalarts.com,No email found
https://www.brightnow.com,No email found
https://www.billdorfmandds.com,No email found
https://www.mkddentistry.com,No email found
https://museumdental.com,No email found
https://www.deltadental.com,No email found
https://www.imdb.com,No email found
https://joeundentist.com,No email found
https://toothshopla.com,No email found
https://calmdental.com,No email found
https://dthompsondds.com,No email found
https://dentistoffices.com,No email found
https://askdental.com,Front@askdental.com
https://exquisitedentistryla.com,info@exquisitedentistryla.com
